Guest_ID,Guest_name,Guest_surname,Guest_email,Guest_gender,Guest_country,Guest_date_of_birth
969901,Ferris,Chilles,fchilles0@blinklist.com,Male,Brazil,1998-12-27
527923,Thedric,Side,tside1@stumbleupon.com,Male,China,1978-03-17
229512,Sharla,Genders,sgenders2@google.com,Male,Russia,1962-02-03
654919,Alyce,Sunners,asunners3@reverbnation.com,Male,Poland,1989-10-31
533628,Issie,Greenham,igreenham4@tumblr.com,Female,Syria,1997-04-08
489567,Gayel,Angelini,gangelini5@shinystat.com,Male,Dominican Republic,1992-05-01
121575,Gianna,Thornton-Dewhirst,gthorntondewhirst6@google.com.br,Female,Japan,1970-05-02
712343,Slade,Hendin,shendin7@slate.com,Female,Greece,1989-02-25
952399,Virgie,Mannix,vmannix8@nature.com,Male,China,1984-06-26
205612,Kelsey,Ferrao,kferrao9@amazon.de,Male,Russia,1986-02-09
602823,Lanna,Tomaszewski,ltomaszewskia@taobao.com,Male,China,1979-10-29
191240,Ara,Cosham,acoshamb@google.ru,Male,Greece,1983-04-22
876195,Giffie,Apperley,gapperleyc@taobao.com,Female,Peru,1994-11-22
534192,Winna,Josephi,wjosephid@woothemes.com,Female,China,1973-06-03
444314,York,Pegden,ypegdene@squidoo.com,Female,Brazil,1969-05-25
579296,Luciano,Bentinck,lbentinckf@wsj.com,Female,Brazil,1995-06-28
699187,Anthe,Marlowe,amarloweg@trellian.com,Female,Venezuela,1996-05-16
665921,Pierre,Tuite,ptuiteh@wordpress.org,Male,Kazakhstan,1969-05-26
114868,Marin,Spratt,mspratti@freewebs.com,Male,Morocco,1988-12-30
558186,Stephanus,Denge,sdengej@mac.com,Female,Panama,1964-04-28
205328,Jillane,Cossey,jcosseyk@simplemachines.org,Male,Nepal,1967-09-09
910251,Blondy,Kensington,bkensingtonl@wordpress.com,Female,Kosovo,1968-08-17
765392,Mirabelle,Kobieriecki,mkobierieckim@eventbrite.com,Female,Canada,1984-07-09
658699,Xerxes,Bomfield,xbomfieldn@printfriendly.com,Female,Philippines,1962-04-14
248515,Yvor,Diamant,ydiamanto@paginegialle.it,Male,Indonesia,1971-04-14
402606,Gayler,Mounsie,gmounsiep@usa.gov,Female,Guatemala,1982-07-19
519548,Kirsti,Killiam,kkilliamq@dailymail.co.uk,Male,Russia,1962-06-10
219345,Olympe,Cosham,ocoshamr@ycombinator.com,Male,China,1992-03-14
737155,Paxton,Casswell,pcasswells@house.gov,Male,Philippines,1984-03-02
701099,Stace,MacGarvey,smacgarveyt@1688.com,Male,Peru,1983-05-13
360097,Shane,McLevie,smclevieu@ask.com,Male,Indonesia,1999-12-03
231892,Daryl,Eglinton,deglintonv@free.fr,Male,Argentina,1999-11-01
554557,Morty,Cescotti,mcescottiw@statcounter.com,Female,Indonesia,1960-05-27
985987,Kandy,Burgon,kburgonx@cloudflare.com,Male,Portugal,1984-10-01
994958,Dniren,Brolechan,dbrolechany@over-blog.com,Female,Russia,1961-02-09
641182,Norene,Matveyev,nmatveyevz@slate.com,Male,China,1973-09-29
350179,Perice,Malinson,pmalinson10@paginegialle.it,Female,Argentina,1992-08-18
400472,Brigitte,Lindsell,blindsell11@independent.co.uk,Male,Sweden,1985-03-25
325150,Adriane,Laing,alaing12@quantcast.com,Male,Sweden,1986-04-30
364045,Scarface,Arnould,sarnould13@sun.com,Male,China,1993-06-02
600243,Anett,Agglione,aagglione14@ycombinator.com,Female,Portugal,1967-10-31
417486,Sharyl,Gerram,sgerram15@webeden.co.uk,Male,United States,1995-11-01
761756,Sharai,Barensen,sbarensen16@ucoz.ru,Male,China,1989-09-28
725562,Marley,Instone,minstone17@wikimedia.org,Female,Philippines,1996-07-22
610178,Kenn,Gullam,kgullam18@shop-pro.jp,Male,Kazakhstan,1969-04-04
456769,Francisco,Riggeard,friggeard19@harvard.edu,Male,China,1994-10-28
131257,Cati,Vamplus,cvamplus1a@bing.com,Female,Peru,1990-05-09
575500,Stavros,Flowerden,sflowerden1b@howstuffworks.com,Male,Philippines,1999-11-16
114267,Tanitansy,Handke,thandke1c@tmall.com,Male,Philippines,1979-10-20
610328,Donella,Dunsmore,ddunsmore1d@creativecommons.org,Female,Indonesia,1971-10-06
160443,Myrta,Tebbs,mtebbs1e@scientificamerican.com,Female,Sweden,1992-03-14
395153,Elvera,Smardon,esmardon1f@mtv.com,Female,Poland,1980-09-13
593592,Sam,Latch,slatch1g@com.com,Male,China,1988-09-15
775319,Aaron,Melton,amelton1h@bloglines.com,Male,Indonesia,1969-02-01
428873,Dicky,Hembery,dhembery1i@gov.uk,Female,American Samoa,1987-12-30
514645,Jae,Malinowski,jmalinowski1j@walmart.com,Female,Ukraine,1992-11-23
947099,Cacilie,Viel,cviel1k@slate.com,Male,Czech Republic,1976-07-30
348756,Clarence,Burch,cburch1l@aol.com,Male,China,1986-01-20
813476,Hasty,Layton,hlayton1m@goodreads.com,Male,Uruguay,1968-07-30
629305,Fairleigh,Stockle,fstockle1n@ft.com,Female,Armenia,1997-06-25
230664,Caroline,Eisikowitz,ceisikowitz1o@nps.gov,Male,China,1965-07-08
167552,Meridel,Bissell,mbissell1p@reverbnation.com,Male,Indonesia,1965-07-18
677012,Cornie,Furmedge,cfurmedge1q@msn.com,Female,Syria,1991-05-06
199157,Niven,Hughson,nhughson1r@1688.com,Male,France,1980-07-26
267604,Millard,Towll,mtowll1s@altervista.org,Male,France,1990-05-04
968711,Donia,Dilland,ddilland1t@indiegogo.com,Male,Canada,1978-02-24
355871,Emmaline,Kraut,ekraut1u@apple.com,Female,Philippines,1962-08-27
404455,Dyane,Maffi,dmaffi1v@reverbnation.com,Male,Russia,1982-12-08
545115,Toiboid,Stearne,tstearne1w@taobao.com,Male,China,1967-08-17
615918,Peder,Marcq,pmarcq1x@ow.ly,Male,China,1974-10-26
639527,Abdel,Escofier,aescofier1y@wp.com,Female,Pakistan,1965-01-14
271882,Hetti,Delamaine,hdelamaine1z@nbcnews.com,Male,Philippines,1979-02-16
388160,Bing,Moffat,bmoffat20@scribd.com,Female,Bulgaria,1992-10-03
646530,Annadiana,Jeckell,ajeckell21@sbwire.com,Male,China,1971-05-06
852137,Scarlett,Jeffryes,sjeffryes22@oracle.com,Female,Japan,1969-09-20
815985,Fairleigh,Fincken,ffincken23@biglobe.ne.jp,Male,Ethiopia,1992-11-14
188388,Jacintha,Christofle,jchristofle24@jugem.jp,Male,Venezuela,1968-08-25
551004,Ralph,MacCaull,rmaccaull25@cdc.gov,Female,Indonesia,1997-06-14
321073,Florette,Farguhar,ffarguhar26@cloudflare.com,Female,Laos,1993-08-14
673214,Jerrine,Inskipp,jinskipp27@posterous.com,Female,Germany,1972-07-08
824086,Gerry,Byham,gbyham28@com.com,Female,Turkmenistan,1966-03-10
611977,Tedie,Pengelly,tpengelly29@bandcamp.com,Male,Sweden,1981-09-22
184183,Tiphanie,Iceton,ticeton2a@comcast.net,Female,Croatia,1994-12-11
278513,Wilmer,Duddin,wduddin2b@free.fr,Female,"Sweden",1995-05-10
545446,Muffin,Wylder,mwylder2c@sun.com,Female,Uganda,1970-06-27
524425,Raphael,Beacroft,rbeacroft2d@wikipedia.org,Male,Trinidad and Tobago,1982-12-11
712758,Stafford,Salliere,ssalliere2e@eventbrite.com,Male,France,1975-10-10
912671,Janis,Pawling,jpawling2f@godaddy.com,Female,China,1997-10-31
752176,Vern,Tomkies,vtomkies2g@pbs.org,Female,Portugal,1983-08-26
997221,Freemon,Richardeau,frichardeau2h@house.gov,Female,Philippines,1964-12-31
789043,Celestine,Witherby,cwitherby2i@deliciousdays.com,Male,Philippines,1960-12-27
205463,Lucilia,Marder,lmarder2j@biblegateway.com,Female,China,1980-09-18
877038,Sara-ann,Swindle,sswindle2k@instagram.com,Female,Indonesia,1994-07-05
958935,Andonis,Zorzini,azorzini2l@a8.net,Male,Indonesia,1964-09-30
471948,Kelila,Gillford,kgillford2m@liveinternet.ru,Male,Uruguay,1973-03-27
999991,Patrica,Colborn,pcolborn2n@seattletimes.com,Female,Canada,1999-12-02
939429,Denice,Runcieman,druncieman2o@cdbaby.com,Female,Belarus,1979-02-08
745578,Broderic,Boullen,bboullen2p@discovery.com,Female,Syria,1995-12-15
312409,Archy,Leech,aleech2q@ucoz.com,Male,China,1961-08-07
855723,Tallie,Weyman,tweyman2r@sakura.ne.jp,Female,China,1975-10-06
